prenom;nom
Ivy;Lucas
Amaan;Page
Katy;Ballard
Preston;Hudson
Wilma;Blair
Jaxon;Sawyer
Oliwier;Alvarado
Louise;Greer
Mehmet;Mack
Hamish;Spencer
Mohamed;Morton
Susannah;Jarvis
Saira;Acosta
Francesca;Tanner
Krish;Lyons
Leslie;Odonnell
Leanne;Hammond
Linda;Alexander
Ned;Robertson
Ismaeel;Solis
Safaa;Bass
Leroy;Carney
Hari;Howell
Mercedes;Green
Ernest;Barrett
Xavier;Bean
Arun;Villa
Aarav;Poole
Summer;Powers
Jakub;Dickson
Aneesa;Palmer
Brendan;Ryan
Lydia;Whitehead
Hayley;Weeks
Awais;Graves
Ifan;Sutton
Henry;Tapia
Arron;Hardin
Abby;Horton
Carol;Fowler
Saoirse;Ray
Declan;Barrera
Shirley;Long
Kelly;Glenn
Emilia;Hunt
Bryan;Delacruz
Mustafa;Pace
