prenom;nom;fonction
Tristan;Davila;Chef des Resource Humaine
Humaira;Saunders;Resource Humaine
Evie;Burns;Resource Humaine
Abubakar;Watkins;Resource Humaine
Elisabeth;Buchanan;Resource Humaine
Syeda;Carey;Resource Humaine
Nate;Walsh;Resource Humaine
Savannah;Cantrell;Resource Humaine
Hope;Henderson;Resource Humaine
Vanessa;Stafford;Resource Humaine
Hussain;Willis;Resource Humaine
Timothy;Hughes;Resource Humaine
Kelsey;Mullins;Resource Humaine
Herbie;Meyers;Resource Humaine
Nellie;Little;Resource Humaine
Paul;Brennan;Resource Humaine
Bridie;Velasquez;Resource Humaine
Derek;Cordova;Resource Humaine
Zohaib;Mccormick;Resource Humaine
Amanda;Osborn;Resource Humaine
Marie;Carr;Administratrice
Ivy;Lucas;Chef Technicien
Amaan;Page;Technicien
Katy;Ballard;Technicien
Preston;Hudson;Technicien
Wilma;Blair;Technicien
Jaxon;Sawyer;Technicien
Oliwier;Alvarado;Technicien
Louise;Greer;Technicien
Mehmet;Mack;Technicien
Hamish;Spencer;Technicien
Mohamed;Morton;Technicien
Susannah;Jarvis;Technicien
Saira;Acosta;Technicien
Francesca;Tanner;Technicien
Krish;Lyons;Technicien
Leslie;Odonnell;Technicien
Leanne;Hammond;Technicien
Linda;Alexander;Technicien
Ned;Robertson;Technicien
Ismaeel;Solis;Technicien
Safaa;Bass;Technicien
Leroy;Carney;Technicien
Hari;Howell;Technicien
Mercedes;Green;Technicien
Ernest;Barrett;Technicien
Xavier;Bean;Technicien
Arun;Villa;Technicien
Aarav;Poole;Technicien
Summer;Powers;Technicien
Jakub;Dickson;Technicien
Aneesa;Palmer;Technicien
Brendan;Ryan;Technicien
Lydia;Whitehead;Technicien
Hayley;Weeks;Technicien
Awais;Graves;Technicien
Ifan;Sutton;Technicien
Henry;Tapia;Technicien
Arron;Hardin;Technicien
Abby;Horton;Technicien
Carol;Fowler;Technicien
Saoirse;Ray;Technicien
Declan;Barrera;Technicien
Shirley;Long;Technicien
Kelly;Glenn;Technicien
Emilia;Hunt;Technicien
Bryan;Delacruz;Technicien
Mustafa;Pace;Technicien
Marnie;Sykes;Infirmerie
Naomi;Franco;Infirmerie
Nathaniel;O'Connor;Infirmerie
Athena;Tran;Infirmerie
Lorna;Santiago;Infirmerie
Aidan;Allen;Chef Developeur
Tobias;Atkins;Developeur
Xanthe;Boone;Developeur
Elena;Casey;Developeur
Lena;Baxter;Developeur
Sufyaan;Brock;Developeur
Hallie;Sherman;Developeur
Bertie;O'Neill;Developeur
Ahmed;Harper;Developeur
Freyja;Rose;Developeur
Felicity;Contreras;Developeur
Gabriella;Pugh;Developeur
Jeremiah;Mcgowan;Developeur
Ayden;Knox;Developeur
Gail;Arnold;Developeur
Brandon;Hines;Developeur
Zeeshan;O'Moore;Developeur
Sana;Holman;Developeur
Ishaq;Mcdonald;Developeur
Zayn;Khan;Developeur
Harold;Bernard;Developeur
Lili;Bolton;Developeur
Paula;Yoder;Developeur
Keanu;Hatfield;Developeur
Xander;Valenzuela;Developeur
Keelan;Lozano;Developeur
Shaun;Dillon;Developeur
Clark;Cobb;Developeur
Finnian;Bond;Developeur
Kaitlin;Hickman;Developeur
Lorna;Mills;Developeur
Samira;Randolph;Developeur
Zoe;Herman;Developeur
Ella;Holloway;Developeur
Nathanael;David;Developeur
Gene;Lowery;Developeur
Alexandria;Le;Developeur
Georgiana;Riggs;Developeur
Kayne;O'Brien;Developeur
Judith;Frye;Developeur
Elisa;Clayton;Developeur
Jerry;Mcdonald;Developeur
Esme;Shepard;Developeur
Colin;Pitts;Developeur
Bushra;Simon;Developeur
Keelan;Mahoney;Developeur
Tammy;Mcpherson;Developeur
Donna;Carson;Developeur
Freddie;Velasquez;Developeur
Karl;Bright;Developeur
Siena;Barton;Developeur
Rayhan;Mckinney;Developeur
Juan;Arroyo;Developeur
Umar;Obrien;Developeur
Rueben;Meza;Developeur
Lois;Larsen;Developeur
Pablo;Watson;Developeur
Ameera;Woodard;Developeur
Antony;Welch;Developeur
Aliya;Ingram;Developeur
Gary;Manning;Developeur
Janet;Logan;Developeur
Mariyah;Cole;Developeur
Jazmin;Knox;Developeur
Bessie;Freeman;Developeur
Demi-Leigh;Zamora;Developeur
Cole;Holmes;Developeur
Casey;Tate;Developeur
Yaseen;Butler;Developeur
Rabia;Boyd;Developeur
Charlie;Villegas;Developeur
Hattie;Strickland;Developeur
Kurtis;Nash;Developeur
Keiran;Austin;Chef Graphiste
Cyrus;Ross;Graphiste
Macauley;Howard;Graphiste
Aneesa;Gillespie;Graphiste
Rico;Browning;Graphiste
Hussein;Wells;Graphiste
Annabel;Pittman;Graphiste
Hugo;Chang;Graphiste
Fabio;Solomon;Graphiste
Alessia;Bean;Graphiste
Bernard;Doherty;Graphiste
Jaya;Joyce;Graphiste
Miya;Mayo;Graphiste
Sarah;Welsh;Graphiste
Subhan;Hale;Graphiste
Rufus;Merrill;Graphiste
Izabella;Benjamin;Graphiste
Francesca;Buchanan;Graphiste
Kieron;Ortiz;Graphiste
Louie;Pennington;Graphiste
Jaxon;Finley;Graphiste
Kamil;Webster;Graphiste
Ivan;May;Graphiste
Kaiden;Phelps;Graphiste
Emilie;Francis;Graphiste
Kaya;Gross;Graphiste
Sebastian;Cox;Graphiste
Cayden;Dejesus;Graphiste
Jennie;Townsend;Graphiste
Nettie;Daniel;Graphiste
Eloise;Dorsey;Graphiste
Zayn;Hood;Graphiste
Leyton;Gomez;Graphiste
Kasey;Terrell;Graphiste
Abel;Singleton;Graphiste
Ricardo;Nichols;Graphiste
Lewys;Pacheco;Graphiste
Isha;Dixon;Graphiste
Derek;Davis;Graphiste
Aryan;Orozco;Graphiste
Kylie;Morrow;Graphiste
Maryam;Reed;Graphiste
Ayrton;Duke;Graphiste
Filip;Dale;Graphiste
Callum;Patel;Graphiste
Veronica;Peters;Graphiste
Amin;Campos;Graphiste
Milly;Wood;Graphiste
Nieve;Vazquez;Graphiste
Teresa;Kirby;Graphiste
Yasin;Baldwin;Graphiste
Maeve;Sheppard;Graphiste
Jayson;Yoder;Graphiste
Rosalie;Mcintyre;Graphiste
Michaela;Lozano;Graphiste
Krishan;Hicks;Graphiste
Jeremiah;Herrera;Graphiste
Alyssia;Marks;Graphiste
Curtis;Petersen;Graphiste
Rosie;Morris;Graphiste
Harrison;Lam;Graphiste
Myah;Ponce;Graphiste
Bradley;Meza;Graphiste
Tamara;Hood;Graphiste
Donna;Ibarra;Graphiste
Ricardo;Salazar;Chef Finance
Tabitha;O'Sullivan;Finance
Krish;Rose;Finance
Selina;Carson;Finance
Warren;Franklin;Finance
Angel;Mason;Finance
Abdullahi;Bush;Finance
Mohamed;Griffith;Finance
Princess;Brooks;Finance
Brenda;Conley;Finance
Rio;Dixon;Finance
Zuzanna;Stephens;Finance
Roman;Carr;Finance
Jazmine;Bauer;Finance
Addie;Andrade;Finance
Carlos;Hoffman;Finance
Lee;Logan;Finance
Frazer;Branch;Finance
Owen;Butler;Finance
Brandon;Davenport;Finance
Ned;Middleton;Finance
Farhan;Lynch;Finance
Adam;Powell;Finance
Stella;Spence;Finance
Oliwia;Keller;Finance
Romeo;Figueroa;Finance
Andre;Moon;Finance
Luqman;Bright;Finance
Harvey;Faulkner;Finance
Gianluca;Villanueva;Finance
Agnes;Nixon;Finance
Tess;Sweeney;Finance
Emmanuel;Dennis;Finance
Lilli;Rodriguez;Finance
Lennox;Mcguire;Finance
Genevieve;Beasley;Finance
Homer;Matthews;Finance
Larry;Newton;Finance
Preston;Ward;Finance
Emma;Morales;Finance
Ahmad;Cole;Finance
Irene;Olson;Finance
Tamsin;Duke;Finance
Fletcher;Montgomery;Finance
Rory;Cannon;Finance
Antony;Wall;Finance
Suzanne;Richard;Finance
Nabil;Warner;Finance
Tim;Sutton;Finance
Ali;Quinn;Finance
Brian;Francis;Finance
Aiza;Cox;Finance
Aysha;Wilson;Finance
Eoin;Kramer;Finance
Zaki;Tapia;Finance
Dulcie;Rush;Finance
Mari;Callahan;Finance
Oliwier;Douglas;Finance
Dawud;England;Finance
Axel;Odling;Finance
Abubakar;Rios;Finance
Savanna;Ayala;Finance
Aliyah;Christensen;Finance
Fergus;Clayton;Finance
Zoe;Schaefer;Finance
Saira;Beltran;Finance
Daniela;Becker;Finance
Vanessa;Oneill;Finance
Umair;English;Finance
Elliot;Booth;Finance
Roosevelt;Russo;Finance
Bridget;Fowler;Finance
Kacper;Sawyer;Finance
Riley;Santana;Finance
Stephen;Hutchinson;Finance
Maia;Cooke;Secretaire
Rico;Krueger;Secretaire
Mildred;Gonzalez;Secretaire
Edward;Peterson;Secretaire
Nathan;Decker;Chef Electricien
Sachin;Buckley;Electricien
Santiago;Santiago;Electricien
Yunus;Crawford;Electricien
Leland;Stewart;Electricien
Soraya;Thomas;Electricien
James;Young;Electricien
Evan;Hebert;Electricien
Brooke;Hill;Electricien
Sebastian;Kennedy;Electricien
Evelyn;Coleman;Electricien
Susannah;Burnett;Electricien
Ty;Moody;Electricien
Alisha;Chase;Electricien
Emmy;Hartley;Electricien
Madeleine;Lopez;Electricien
Izaak;Willis;Electricien
Yahya;Daniels;Electricien
Elodie;Torres;Electricien
Mae;Slater;Electricien
Julius;Callahan;Electricien
Riya;Valenzuela;Electricien
Rhianna;Nolan;Electricien
Davina;Christensen;Electricien
Shauna;Dickson;Electricien
Hasnain;Moyer;Electricien
Liana;Jacobs;Electricien
Emil;Little;Electricien
Sean;Norton;Electricien
Mohammed;Brady;Electricien
Liyana;Mendez;Chef Reparation et Maintenance
Edith;Vargas;Reparation et Maintenance
Catherine;Mcdowell;Reparation et Maintenance
Lia;Brewer;Reparation et Maintenance
Maria;Harrison;Reparation et Maintenance
Ned;Rangel;Reparation et Maintenance
Josephine;Brooks;Reparation et Maintenance
Fabio;Rosario;Reparation et Maintenance
Eve;Jarvis;Reparation et Maintenance
Jack;Randolph;Reparation et Maintenance
Anastasia;Brennan;Reparation et Maintenance
Jay;Roach;Reparation et Maintenance
Eryn;Morgan;Reparation et Maintenance
Gary;Wolf;Reparation et Maintenance
Jayden;Rasmussen;Reparation et Maintenance
Aryan;Tyler;Reparation et Maintenance
Ross;Watts;Reparation et Maintenance
Jada;Contreras;Reparation et Maintenance
Rufus;Mcclain;Reparation et Maintenance
Georgie;Carr;Reparation et Maintenance
Elisha;Thomson;Reparation et Maintenance
Alejandro;Bush;Reparation et Maintenance
Emelia;Key;Reparation et Maintenance
Haroon;Williamson;Reparation et Maintenance
Shelby;Haines;Reparation et Maintenance
Stephanie;Rice;Reparation et Maintenance
Syed;Holden;Reparation et Maintenance
Rosa;Baxter;Chef Marketing
Farrah;Crosby;Marketing
Melvin;Dyer;Marketing
Faith;Black;Marketing
Greta;Whitney;Marketing
Lacie;Shepard;Marketing
Aoife;Mcgrath;Marketing
Mia;Price;Marketing
Rahim;Hogan;Marketing
Brendan;Adkins;Marketing
Arran;Berg;Marketing
John;Hood;Marketing
Heath;Dalton;Marketing
Saoirse;Cruz;Marketing
Rosemary;Holloway;Marketing
Safia;Robbins;Marketing
Nikhil;Reilly;Marketing
Alastair;Porter;Marketing
Ivy;Gregory;Marketing
Abi;Pineda;Marketing
Claire;May;Marketing
Jonas;Reid;Marketing
Luna;Barr;Marketing
Nannie;Baldwin;Marketing
Shirley;Aguirre;Marketing
Tess;Figueroa;Marketing
Fergus;Harper;Marketing
Husna;Camacho;Marketing
Dalton;Lynch;Marketing
Anya;Gallegos;Marketing
Miranda;Rodgers;Marketing
Carrie;Gross;Marketing
Neil;Alexander;Marketing
Mateo;Soto;Marketing
Maia;Haley;Marketing
Kain;Doyle;Marketing
Neha;Peters;Marketing
Kaden;Diaz;Marketing
Irene;Robles;Marketing
Alicia;Walsh;Marketing
Rajan;Sutherland;Marketing
Minnie;Curtis;Marketing
Erin;Fleming;Marketing
Isaiah;Ballard;Marketing
Xander;Salinas;Marketing
Lili;Morrow;Marketing
Lewys;Hutchinson;Marketing
Md;Ruiz;Marketing
Andrea;Delgado;Marketing
Jeremiah;Blaese;Marketing
Kelsey;Gilmore;Marketing
Zakariya;Pierce;Marketing
Mario;Fox;Marketing
Ethel;Sutherland;Marketing
Chanelle;Townsend;Marketing
Norma;Mcknight;Marketing
Hayden;Bray;Marketing
Youssef;Koch;Marketing
Ashley;Vincent;Marketing
Kathryn;Salinas;Marketing
Nikodem;Barr;Marketing
Allan;Matthews;Marketing
Louis;Macias;Marketing
Tahlia;Mcgowan;Marketing
Kiara;Franco;Marketing
Myrtle;Boyle;Marketing
Jayson;Gilmore;Marketing
Raees;Harmon;Marketing
Giovanni;Christian;Marketing
Sarah;Woodward;Marketing
Saad;Holland;Marketing
Isaac;Shepherd;Marketing
Gregory;Humphrey;Marketing
Isha;Collier;Marketing
Warren;Osborne;Marketing
Armaan;Hines;Marketing
Sophia;Stanley;Marketing
Delilah;Best;Marketing
Rachael;Larson;Marketing
Julie;Hess;Marketing
Khalil;Rivera;Marketing
Kiera;Bates;Marketing
Cindy;Fields;Marketing
Shivam;Key;Marketing
Bronwyn;Pace;Marketing
Miya;Alvarez;Marketing
Asia;Howell;Marketing
Saif;Patel;Marketing
Kamal;Cruz;Marketing
Randy;Guerra;Marketing
Samara;Reilly;Marketing
Alisa;Dorsey;Marketing
Gloria;Rich;Marketing
Solomon;Vargas;Marketing
Gemma;Garza;Marketing
Beau;Hendrix;Marketing
Maizie;Hall;Marketing
Salman;Kennedy;Marketing
Whitney;Glass;Marketing
Raihan;Brewer;Marketing
Doris;Ibarra;Marketing
Katrina;John;Marketing
Hattie;Wong;Marketing
Fatma;Larsen;Marketing
Thalia;Mueller;Marketing
Fabio;Tate;Marketing
Henry;Flores;Marketing
Lloyd;Livingston;Marketing
Leonard;Potter;Marketing
Seren;Nelson;Marketing
Zaki;Hooper;Marketing
Rufus;Brown;Marketing
Denzel;Johnston;Marketing
Harriett;Parsons;Marketing
Donald;Odonnell;Marketing
Luis;Pearce;Marketing
Fletcher;Adams;Marketing
Carl;Zuniga;Marketing
Zaynab;Roberson;Marketing
Hamish;Mathis;Marketing
Ffion;Lucas;Livraison
Jonas;York;Livraison
Ishaq;Schneider;Livraison
Farhan;Kidd;Livraison
Clementine;Simpson;Livraison
Isabelle;Farrell;Livraison
Tommy-Lee;Michael;Livraison
Tiffany;Berg;Livraison
Lenny;Wang;Livraison
Haleema;Wilkinson;Livraison
Harold;Christensen;Livraison
Hayley;Morris;Livraison
Hugh;May;Livraison
Bryn;English;Livraison
Karl;Winter;Livraison
Monica;Mullen;Communication
Inayah;Chaney;Communication
Bertie;Hamilton;Communication
Jim;Richards;Communication
Kyan;Turner;Communication
Tia;Valentine;Communication
Teresa;Rollins;Communication
Camilla;Reyes;Communication
Saba;Long;Communication
Tamsin;White;Communication
Yasmin;Eaton;Communication
Humaira;Sutton;formateur
Elias;Glover;formateur
Rehan;Sykes;formateur
Josh;Wood;formateur
Brett;Bender;formateur
Lilly-Rose;Thomas;formateur
Elena;Carr;Dirigeant
