id;prenom;nom;fonction
1;Tristan;Davila;Chef des Resource Humaine
2;Humaira;Saunders;Resource Humaine
3;Evie;Burns;Resource Humaine
4;Abubakar;Watkins;Resource Humaine
5;Elisabeth;Buchanan;Resource Humaine
6;Marie;Carr;Administratrice
7;Ivy;Lucas;Chef Technicien
8;Amaan;Page;Technicien
9;Katy;Ballard;Technicien
10;Preston;Hudson;Technicien
11;Wilma;Blair;Technicien
12;Jaxon;Sawyer;Technicien
13;Oliwier;Alvarado;Technicien
14;Louise;Greer;Technicien
15;Mehmet;Mack;Technicien
16;Hamish;Spencer;Technicien
17;Mohamed;Morton;Technicien
18;Susannah;Jarvis;Technicien
19;Saira;Acosta;Technicien
20;Amanda;Osborn;Infirmerie
21;Marnie;Sykes;Infirmerie
22;Aidan;Allen;Chef Developeur
23;Tobias;Atkins;Developeur
24;Xanthe;Boone;Developeur
25;Elena;Casey;Developeur
26;Lena;Baxter;Developeur
27;Keiran;Austin;Chef Graphiste
28;Cyrus;Ross;Graphiste
29;Macauley;Howard;Graphiste
30;Aneesa;Gillespie;Graphiste
31;Rico;Browning;Graphiste
32;Hussein;Wells;Graphiste
33;Curtis;Petersen;Graphiste
34;Rosie;Morris;Graphiste
35;Harrison;Lam;Graphiste
36;Myah;Ponce;Graphiste
37;Bradley;Meza;Graphiste
38;Tamara;Hood;Graphiste
39;Ricardo;Salazar;Chef Finance
40;Tabitha;O'Sullivan;Finance
41;Krish;Rose;Finance
42;Selina;Carson;Finance
43;Warren;Franklin;Finance
44;Angel;Mason;Finance
45;Abdullahi;Bush;Finance
46;Mohamed;Griffith;Finance
47;Princess;Brooks;Finance
48;Brenda;Conley;Finance
49;Rio;Dixon;Finance
50;Maia;Cooke;Secretaire
51;Rico;Krueger;Secretaire
52;Mildred;Gonzalez;Secretaire
53;Edward;Peterson;Secretaire
54;Nathan;Decker;Chef Electricien
55;Sachin;Buckley;Electricien
56;Santiago;Santiago;Electricien
57;Yunus;Crawford;Electricien
58;Leland;Stewart;Electricien
59;Soraya;Thomas;Electricien
60;James;Young;Electricien
61;Evan;Hebert;Electricien
62;Brooke;Hill;Electricien
63;Sebastian;Kennedy;Electricien
64;Evelyn;Coleman;Electricien
65;Susannah;Burnett;Electricien
66;Liyana;Mendez;Chef Reparation et Maintenance
67;Edith;Vargas;Reparation et Maintenance
68;Catherine;Mcdowell;Reparation et Maintenance
69;Lia;Brewer;Reparation et Maintenance
70;Maria;Harrison;Reparation et Maintenance
71;Ned;Rangel;Reparation et Maintenance
72;Josephine;Brooks;Reparation et Maintenance
73;Fabio;Rosario;Reparation et Maintenance
74;Eve;Jarvis;Reparation et Maintenance
75;Jack;Randolph;Reparation et Maintenance
76;Rosa;Baxter;Chef Marketing
77;Farrah;Crosby;Marketing
78;Melvin;Dyer;Marketing
79;Faith;Black;Marketing
80;Greta;Whitney;Marketing
81;Lacie;Shepard;Marketing
82;Aoife;Mcgrath;Marketing
83;Fatma;Larsen;Marketing
84;Thalia;Mueller;Marketing
85;Fabio;Tate;Marketing
86;Henry;Flores;Marketing
87;Ffion;Lucas;Livraison
88;Jonas;York;Livraison
89;Ishaq;Schneider;Livraison
90;Farhan;Kidd;Livraison
91;Clementine;Simpson;Livraison
92;Isabelle;Farrell;Livraison
93;Tommy-Lee;Michael;Livraison
94;Tiffany;Berg;Livraison
95;Monica;Mullen;Communication
96;Inayah;Chaney;Communication
97;Kyan;Turner;Communication
98;Tia;Valentine;Communication
99;Lilly-Rose;Thomas;formateur
100;Elena;Carr;Dirigeant
