prenom;nom;id_pc
Tristan;Davila;1
Humaira;Saunders;2
Evie;Burns;3
Abubakar;Watkins;4
Elisabeth;Buchanan;5
Marie;Carr;6
Ivy;Lucas;7
Amaan;Page;8
Katy;Ballard;9
Preston;Hudson;10
Wilma;Blair;11
Jaxon;Sawyer;12
Oliwier;Alvarado;13
Louise;Greer;14
Mehmet;Mack;15
Hamish;Spencer;16
Mohamed;Morton;17
Susannah;Jarvis;18
Saira;Acosta;19
Amanda;Osborn;20
Marnie;Sykes;21
Aidan;Allen;22
Tobias;Atkins;23
Xanthe;Boone;24
Elena;Casey;25
Lena;Baxter;26
Keiran;Austin;27
Cyrus;Ross;28
Macauley;Howard;29
Aneesa;Gillespie;30
Rico;Browning;31
Hussein;Wells;32
Curtis;Petersen;33
Rosie;Morris;34
Harrison;Lam;35
Myah;Ponce;36
Bradley;Meza;37
Tamara;Hood;38
Ricardo;Salazar;39
Tabitha;O'Sullivan;40
Krish;Rose;41
Selina;Carson;42
Warren;Franklin;43
Angel;Mason;44
Abdullahi;Bush;45
Mohamed;Griffith;46
Princess;Brooks;47
Brenda;Conley;48
Rio;Dixon;49
Maia;Cooke;50
Rico;Krueger;51
Mildred;Gonzalez;52
Edward;Peterson;53
Nathan;Decker;54
Sachin;Buckley;55
Santiago;Santiago;56
Yunus;Crawford;57
Leland;Stewart;58
Soraya;Thomas;59
James;Young;60
Evan;Hebert;61
Brooke;Hill;62
Sebastian;Kennedy;63
Evelyn;Coleman;64
Susannah;Burnett;65
Liyana;Mendez;66
Edith;Vargas;67
Catherine;Mcdowell;68
Lia;Brewer;69
Maria;Harrison;70
Ned;Rangel;71
Josephine;Brooks;72
Fabio;Rosario;73
Eve;Jarvis;74
Jack;Randolph;75
Rosa;Baxter;76
Farrah;Crosby;77
Melvin;Dyer;78
Faith;Black;79
Greta;Whitney;80
Lacie;Shepard;81
Aoife;Mcgrath;82
Fatma;Larsen;83
Thalia;Mueller;84
Fabio;Tate;85
Henry;Flores;86
Ffion;Lucas;87
Jonas;York;88
Ishaq;Schneider;89
Farhan;Kidd;90
Clementine;Simpson;91
Isabelle;Farrell;92
Tommy-Lee;Michael;93
Tiffany;Berg;94
Monica;Mullen;95
Inayah;Chaney;96
Kyan;Turner;97
Tia;Valentine;98
Lilly-Rose;Thomas;99
Elena;Carr;100
